State,25-44 Heart,45-64 Heart,65+ Heart
Alabama,1884,3723,4661
Alaska,145,755,1124
Arizona,95,830,1339
Arkansas,1573,3181,4182
California,813,3282,5874
Colorado,295,2017,2837
Connecticut,162,472,711
Delaware,89,176,296
District of Columbia,0,87,140
Florida,1199,3720,5888
Georgia,3766,8458,10375
Hawaii,164,330,395
Idaho,324,1183,1698
Illinois,1753,3521,4955
Indiana,1550,2868,3716
Iowa,1223,2858,3790
Kansas,643,3115,4662
Kentucky,1944,4408,6256
Louisiana,1791,3708,4448
Maine,200,363,500
Maryland,565,1348,1853
Massachusetts,277,696,1144
Michigan,1225,3054,4673
Minnesota,879,2258,2875
Mississippi,2403,4999,6232
Missouri,1695,4087,5891
Montana,208,1398,1993
Nebraska,507,2209,3569
Nevada,207,656,1033
New Hampshire,79,245,383
New Jersey,433,1369,2313
New Mexico,101,1457,2449
New York,918,2799,4679
North Carolina,2055,4778,6298
North Dakota,299,1468,1959
Ohio,1507,3097,5047
Oklahoma,1128,4044,6501
Oregon,229,938,1817
Pennsylvania,1100,2586,3912
Rhode Island,87,199,307
South Carolina,1204,2370,2874
South Dakota,373,2009,2775
Tennessee,1622,3962,5363
Texas,3539,12502,18543
Utah,124,723,1200
Vermont,155,300,431
Virginia,2455,6164,8303
Washington,404,1495,2235
West Virginia,804,1820,2516
Wisconsin,829,2159,2975
Wyoming,121,591,888
